Date,GRA Purchases,PRGT 1/2/,Totals,Year,Total_billion,World GDP (current US$),Total_%_WorldGDP ,Total%_WorldGDP 
12/31/2021,89474552025,14554823681,104029375706,2021,104.0293757,9.61001E+13,0.108251069,0.108251069
12/31/2020,93408630285,12481816684,105890446969,2020,105.890447,8.49068E+13,0.124713721,0.124713721
12/31/2019,66945509865,6590835450,73536345315,2019,73.53634532,8.76529E+13,0.083894972,0.083894972
12/31/2018,55395611392,6426181029,61821792421,2018,61.82179242,8.6413E+13,0.071542209,0.071542209
12/31/2017,39585385873,6522280669,46107666542,2017,46.10766654,8.1404E+13,0.056640557,0.056640557
12/31/2016,49267630851,6482647937,55750278788,2016,55.75027879,7.64656E+13,0.072908976,0.072908976
12/31/2015,50757840741,6575911158,57333751899,2015,57.3337519,7.51793E+13,0.076262718,0.076262718
12/31/2014,69041563463,6292755583,75334319046,2014,75.33431905,7.97088E+13,0.094511908,0.094511908
12/31/2013,83899249061,6174392682,90073641743,2013,90.07364174,7.76072E+13,0.116063514,0.116063514
12/31/2012,90042348252,5766292503,95808640755,2012,95.80864076,7.54881E+13,0.126918927,0.126918927
12/31/2011,87276915790,5308609594,92585525384,2011,92.58552538,7.38538E+13,0.125363279,0.125363279
12/31/2010,55620104510,4819344134,60439448644,2010,60.43944864,6.65961E+13,0.090755304,0.090755304
12/31/2009,37221142436,5079705286,42300847722,2009,42.30084772,6.08091E+13,0.069563338,0.069563338
12/31/2008,17514964723,3972372030,21487336753,2008,21.48733675,6.41237E+13,0.033509194,0.033509194
12/31/2007,6036146757,3796945581,9833092338,2007,9.833092338,5.8355E+13,0.016850467,0.016850467
12/31/2006,9822640239,3844020520,13666660759,2006,13.66666076,5.17798E+13,0.026393784,0.026393784
12/31/2005,28432143237,6282121668,34714264905,2005,34.71426491,4.77797E+13,0.072654818,0.072654818
12/31/2004,55373766674,6766029353,62139796027,2004,62.13979603,4.41176E+13,0.140850351,0.140850351
12/31/2003,65032062712,6880893268,71912955980,2003,71.91295598,3.9147E+13,0.183699842,0.183699842
12/31/2002,63601058794,6868671012,70469729806,2002,70.46972981,3.49114E+13,0.201852905,0.201852905
12/31/2001,53477225409,6424578684,59901804093,2001,59.90180409,3.36154E+13,0.178197314,0.178197314
12/31/2000,42990531049,6331595468,49322126517,2000,49.32212652,3.38309E+13,0.145790261,0.145790261
12/31/1999,51061861875,6434274362,57496136237,1999,57.49613624,3.27374E+13,0.175628426,0.175628426
12/31/1998,60451017051,6288825925,66739842976,1998,66.73984298,3.154E+13,0.211604097,0.211604097
12/31/1997,46559033783,6009867422,52568901205,1997,52.56890121,3.16204E+13,0.166249727,0.166249727
12/31/1996,36127472805,5881609752,42009082557,1996,42.00908256,3.17367E+13,0.132367686,0.132367686
12/31/1995,35929173412,5657438528,41586611940,1995,41.58661194,3.10436E+13,0.133961743,0.133961743
12/31/1994,25611676952,4599768498,30211445450,1994,30.21144545,2.78723E+13,0.108392541,0.108392541
12/31/1993,25196745031,3942792899,29139537930,1993,29.13953793,2.5822E+13,0.112847811,0.112847811
12/31/1992,23967172718,3804463796,27771636514,1992,27.77163651,2.54061E+13,0.109310874,0.109310874
12/31/1991,23378573926,3285717796,26664291722,1991,26.66429172,2.37596E+13,0.112225469,0.112225469
12/31/1990,20731851093,2571911617,23303762710,1990,23.30376271,2.278E+13,0.102299317,0.102299317
12/31/1989,22315104224,2334886562,24649990786,1989,24.64999079,2.0194E+13,0.122065892,0.122065892
12/31/1988,24750004884,1773964293,26523969177,1988,26.52396918,1.9338E+13,0.137159854,0.137159854
12/31/1987,28751979125,1866342930,30618322055,1987,30.61832206,1.73072E+13,0.176910504,0.176910504
12/31/1986,33334905644,2013169931,35348075575,1986,35.34807558,1.52053E+13,0.232471832,0.232471832
12/31/1985,35194787249,2470247948,37665035197,1985,37.6650352,1.28601E+13,0.292883037,0.292883037
12/31/1984,34936772393,2769874900,37706647293,1984,37.70664729,1.22698E+13,0.307312839,0.307312839
,,,,,,,,
,,,,,,,,
 1/ Includes loans under the Structural Adjustment Facility and Trust Fund.,,,,,,,,
,,,,,,,,
 2/ Formerly PRGF-ESF.,,,,,,,,
